voter_id,class_0_probability,class_1_probability,class_2_probability
0076116513d6c6bb4305c2608356719923e4ec169221168599ff5379f8088511,0.74956703,0.22310399,0.027328975
025507ada81fa474efb80682a16a1d60c9cf1e6f75264bfba8aaf808dc42a29b,0.701322,0.25039583,0.04828221
034d9aab5206d48172bbc177d53552f076e8d19d262335bdd399c0cc72d16855,0.059421565,0.90129495,0.0392835
0b870291a8be43ee6b56363f6ba5205b0e5f417cdf65dcc471b2a3676d50d86e,0.9922754,0.0063161915,0.0014083667
0d7310b43b9b15ae6965fde217a0037ab56c85c55b9b022e7306dfc4cf9f2a05,0.49455768,0.47409803,0.0313444
0dc70b90d51cd4f0ed49c17a4c7626ae145115a673da0879ddde7a02b4ce56fe,0.97530615,0.018315755,0.0063781347
0dd2d622ea6bf1f468d773aa6ff39c2b020eedcbea0578084c12e68ef09026b7,0.0037391488,0.9720185,0.02424234
0e4de84b401c5a1ebf424e13cd6705a580f2604ee2006ec9b6431b61ada2b763,0.20389391,0.7568364,0.039269716
0fab1441e2e494a006e22c10dcfdfd9508404b50ca5575a25c385dc9f59c359b,0.99875784,0.0006321298,0.0006100174
1aaefcde2e2e29572730b71fc23e168b09f913fa79a3b35ea3433e905195f43c,0.069658324,0.86360705,0.06673463
1cb2f9baa7e72b84c38e6ff41532f71d589fec1f051ac919b7b692367c014466,0.88746786,0.07612616,0.036406014
1eb4f8209d5104263d6dd32ec018a9065888c010c528307fd83c6bd131203c3c,0.08346493,0.8979943,0.01854082
1eb6fe083ba6bd7574ec5f945731858b4749e166b87c8144f4ed7bd8a23b7691,0.467288,0.4916923,0.04101969
1ed2681dd8f0bfb7ccc204837402990c4debede4fb3eb13da714c95f2da6b825,0.11159294,0.8354479,0.0529592
20cabcd1b697eaaacaf479a5833362d3943be6e8d0c5f421a559bf775fe27fae,0.13725623,0.83266443,0.03007931
21c9c6a27945697db1c8a1381f5a21e6e01877bc72941f5367d2a185f7e4316a,0.054310232,0.92852074,0.017169094
270222c6aec299d8d9ce872e503c7e33549daa9e371e2db14c1b818a839b495c,0.7040535,0.28539455,0.010552019
2f3f55551c3cc09d819c6f8d52a328b163831fb245fd05883303589d3b5012ea,0.5425442,0.4279306,0.029525194
3f66378355e8fb97f0a3b0cba40ca94b79d4ebe265197ffd2efc40d62c155fb3,0.7488569,0.23035946,0.020783683
411332a4a919db20d637f1377ca2bb98a9205cdbca6741efcb951e2c46bea4c3,0.92472523,0.06837756,0.0068972385
47ef3de45e2a8adfc0f9d461f902b9f61bf4c5d9ae7a1d82ebd65bb7e3f69996,0.60125786,0.35327625,0.045465898
47efa761cb8a265193ab48bf4dddf9688070b3659ade6a7980f4dff27b624c54,0.8572542,0.12834904,0.014396669
48a8c219a4f0d518f4ae3ea4463989ac0b8b1d85446098cec37ed44f4d31fd98,0.34469977,0.6250883,0.030211948
48d8e8937d7e4b114579d6b64536da23bb3f8bb3a79f97c610d0c5aba3056d9f,0.5974948,0.3476711,0.05483409
4e3912da0879b8f20c22c9eb459e5e98a3080b87c03371728b20f41f8aa7b916,0.87467897,0.11101402,0.014307018
4e71db1acb8ea6b6396d8c0f421e921891a387fe92de47136147abf6af4ca04b,0.51185834,0.456742,0.031399604
502d14e9cf81b31be82a79d8d1431e2fd3d44786891355536c0e145145f7b0c6,0.44784427,0.51394796,0.03820783
568b5ad322b35aeea69bf99f47a7708e09fff14ab272fda4d934866c8b56ab4f,0.6522383,0.29664433,0.051117416
57b84e23827da6d1d3ade61817e8059b76cb9b4c930858a979b8831d8ce6741f,0.40063348,0.5649827,0.03438377
5c0a8281469bb26e99489bb95fdb5df09f7c735a8df54d291602689a9a9ef725,0.09337113,0.89696616,0.009662631
5dc4c138e841ff137ef48cb94924461811a81a8e7f10084748b0dd7a8a2118f1,0.9779805,0.015806196,0.0062133814
5dcd955b6a9eca7655e9430df0d913c22300164881382dac62c01a1ea0a3f27a,0.8646172,0.12854391,0.0068387785
5e8e26f49e727a1f9a98fd8719f3aa1196db056080453b9e92707cd0a9c113cf,0.47372532,0.4954712,0.030803407
5ea36407b749b2d40023335847d5ff2be84a33908b5416c862429989bf23a937,0.69433755,0.28885972,0.016802672
67a39d13605c23258569062b69b91cebc743738c245eebd79c75062c2e323eb6,0.9850727,0.0114996815,0.0034277155
6ac6fce7534fc441fa4653309fbfba2bc18c33a9a61109c0ccaec775502d66d5,0.99093366,0.006148676,0.0029176045
6c6c4e844774018cb4597746bd25bca56a377cbe79e968ac5ab7db52db072283,0.0742578,0.6720009,0.25374135
6db79e241e6ba7f4b87f8890d630c27030e6ff9cf407398568c315ab7f5e57ce,0.85033745,0.11837518,0.031287372
7114afc1a32f6a4e88a4a96e8d8e8afafe6af211c7c31e9783d7113bbb56bbdc,0.56280243,0.40965372,0.027543843
7727391947ad2a895762ff0a77eef333311971a195f835694753e70f15b502f4,0.29961264,0.667896,0.03249129
7e1e33ba69fadb7eb0aad1989b5d502ac2c77c508f673a1705e0a84887554bed,0.034139443,0.9402964,0.025564115
82f6b8a5e8ebe95690923ef4035c70caf00623f057eafea3b06c69cff5d6b855,0.6269735,0.34921318,0.02381336
851d566f6656cd3c53559eed1297a56885b65f381085ce7f3459e060bf9f4940,0.6107784,0.36010316,0.029118424
8946543310f55a2d5995eb336c2e87b45f82a7c48fd63fe106c0a723e411f582,0.6188592,0.35377857,0.027362293
8f22876431cdaf5161da2afac957c761b0a979b134057207c5b36bb11164c83c,0.5949607,0.3776612,0.027378215
9038e4d9fbb3a71c09024035451d9aadd559e7a46ef09429ef1b64355cc8247f,0.8072925,0.1431412,0.04956626
92222cbe5f87b69f51ec05a33672cf7b2bbb02c4baa67dbc3d0a721c2baf7137,0.44504377,0.39699584,0.15796034
924318d82b72f8c87380d88923f85b2e18465c883095ee0dd2f0dcc2720b33c8,0.8306485,0.15398033,0.015371102
944051bfe8194856d7f5d32475191698e0056c9abdb0036d04e774929819ce7b,0.16084826,0.80350405,0.035647683
9869cd48da526df2f7dd0e7c7d2beb06537bfeba1f57f678df3729a4c906ab92,0.26956767,0.6633783,0.067054026
99c9709c01b692b45c66ee3d30c41a2316dd4f63459f1e242122594351d3b8e9,0.21774596,0.75861156,0.0236425
9a12be321485eb8fc032c90003f901690fb7853b50c8eb42ac3c7990c8d83ad0,0.12682946,0.82357556,0.049594972
9bc5960f9748e7d2af2c340be43d434f426c8c08ea210265f8aa8067f9df259e,0.39285272,0.56898797,0.038159344
9e7f0de96efe2430ea1d1362f580e11bb79fd20691a615c86f24143f86c5d88e,0.805004,0.18664116,0.008354802
9f4bec4fec45acb3cce82fd44008a276f3c064c7eae879b22a2babd732315d7b,0.14516369,0.74035597,0.11448036
a070a300f1bfa90e06013c2ba0f34b59ff312637478cd132386d7a62ec22a50c,0.90603185,0.072004914,0.021963358
a56f5761f3cf0dce386b4f151924855a10089f2d7725e9b8dff5168f51d4d983,0.5439875,0.42553613,0.030476311
a7ff0e27c35921d60605af61f2b0f82c57288fe9471b0c604ae3737aded5ebc4,0.00028676866,0.98043835,0.019274794
b5c2f8e9880010d69e8e4bc8c65779732a5979459cc2713bd915e5246ccf2204,0.994922,0.0038578655,0.0012201407
b6bc2fd60fdd63481901e02ce3e656e99670aecde1be923bbfc2034b2886d80c,0.658584,0.31531155,0.026104486
ba8529bd20774ba539c423f7dd07a7ce0b6923f1d7536d6ee092f63e10b05cb4,0.7128852,0.2589371,0.028177734
bce6ed02ac3113d53395dfbfd5a440fea9ee4fd0d8ffc844543d4b7f4995aef3,0.36061746,0.6276332,0.0117493225
bd0d4b41502b445d7f95d558493344753a34f86fe016b71cb2f8d2642a692c39,0.020911261,0.9580642,0.021024441
c0a0eb4f174f66dc586749c2da83e63fc718ce6c3519429cc05312013155fdea,0.023934137,0.9521105,0.023955306
c4c2fe8a7c4a7f65519b82ebd7c4e0116ef41c7607ed76a2b14c2958a21e9de6,0.044853292,0.8973482,0.05779852
cac37fccc6f3abb6fc5ad1fa8c813854deaa1a4ae143ed36aba8233fc03bf3cc,0.062023353,0.91782534,0.020151278
cdb293712bd3db50b20514897aaa422513e409374258ef930897ffb314ceec33,0.62881356,0.3483798,0.022806715
d499030b7c8b758e15a7bc7c1cbe1202ba6f25b36a35519d0c3849237a70e6df,0.4172351,0.5546896,0.028075377
d554cba16cdcd239cc2dc29c8e4616a506a6c87ef2a604a7625217ea1d0ce1b3,0.16066796,0.7965107,0.04282132
d619be243ffc5bddbd951b0c4074a3cb2408a9a089141e072bfce14bc6f07a51,0.8321877,0.1253853,0.042426948
d8269d974ff3fd4637e4a835cb4edcecda8860f3bfc967eebda56484b37f2142,0.40109077,0.57115,0.0277592
db205140eb1f5b021152a8b8e7e0ffdbb63d84ac6df4ec666a1206434c9f10d8,0.1240421,0.84917545,0.02678244
e32d8876304b1427084522b37439d98c77edd7b6a4ace11728af858e69d87642,0.77972054,0.20208418,0.01819521
e3d63c49a88410c2cfd6bcd4c76dff908a7a6ba9075dccb07abd1a3bffa1ffcd,0.44856882,0.5156748,0.035756387
e53bc5399b2af7ffabcce8fedbdaf32a3daeca63e1f6458fdcfcf58c244dd411,0.028170466,0.96094435,0.010885251
e5b791f66c7cd866f0fa2fee3f46cfadbc0d17616d57a3d6c02e325b98eb3d53,0.36501572,0.6173952,0.017589042
ea5dbefde629172b878a02a3dd912a047328d9ee730baf05083c67f9a5b0198b,0.26749256,0.71301866,0.019488811
ecf55f3d2a63cc9090d1766029bbff72d4d28978e34ad672059b1bc7708862a8,0.015131066,0.9422235,0.04264546
f5ce8a695c94dae42e5ea70e5b4dfcac6f0e6988397b2421f93993446ef49030,0.9633649,0.028186932,0.008448164
fd546eb0a87e86360c860c006272e9bae68832437750dbca2f910bb41424643b,0.115946606,0.8338016,0.05025176
